{"manifestVersion":2,"name":"BLKNeko-MegamanXMod","authorName":"BLKNeko","websiteUrl":"https://github.com/BLKNeko/ROR2-MegamanXV3","displayName":"MegamanXMod","description":"Megaman X as a Survivor for Risk Of Rain2 - Time to hunt some maverick monsters!","gameVersion":"","networkMode":"","packageType":"","installMode":"","installedAtTime":0,"loaders":[],"dependencies":["bbepis-BepInExPack-5.4.1905","RiskofThunder-R2API_Core-5.0.3","RiskofThunder-R2API_Prefab-1.0.1","RiskofThunder-R2API_RecalculateStats-1.0.0","RiskofThunder-R2API_Language-1.0.1","RiskofThunder-R2API_Sound-1.0.2","kinggrinyov-KingModUtilities-1.7.4"],"incompatibilities":[],"optionalDependencies":[],"versionNumber":{"major":4,"minor":0,"patch":0},"enabled":true,"icon":""}